topic,avg_interaction_ratio,avg_engagement
"coding, programming, code, upgrade, pro",0.0020820575402642075,0.04720896838255497
"demo, course, mcp, freecodecamp, git",0.0025964408585698253,0.0432744340603574
"environment, puzzles, complete, optimization, problem",0.0017205109596941416,0.04955799672144758
"function, python, api, need, web",0.002063859036693771,0.044983821472843695
"post, setup, ai, rabbit, code",0.006437062393845667,0.0657256688532777
